PID,case,thickness_mm,spacing_mm,n_native,duplicates,n_range,n_out,zspan_mm,native_gap_mm,max_gap_mm,coverage_ok
101867,C,2.0,2.0,147,0,80,64,158.0,0.0,0.0,True
101885,C,2.0,2.0,169,0,93,74,184.0,0.0,0.0,True
104092,A,2.5,2.5,114,0,62,62,152.5,0.0,0.0,True
105926,C,2.0,2.0,162,0,89,71,176.0,0.0,0.0,True
108985,A,2.5,2.5,131,0,72,72,177.5,0.0,0.0,True
110849,B,2.5,2.0,160,0,88,71,174.0,-0.5,0.0,True
116034,A,2.5,2.5,117,0,64,64,157.5,0.0,0.0,True
120280,A,2.5,2.5,132,0,73,73,180.0,0.0,0.0,True
122575,A,3.2,3.2,80,0,44,44,137.6,0.0,0.0,True
127110,A,2.5,2.5,102,0,56,56,137.5,0.0,0.0,True
127183,A,2.5,2.5,104,0,57,57,140.0,0.0,0.0,True
129073,A,2.5,2.5,127,0,69,69,170.0,0.0,0.0,True
204460,B,2.5,1.25,204,0,112,56,138.8,-1.25,0.0,True
205397,C,2.0,1.5,201,1,110,66,163.5,-0.5,0.0,True
206021,C,1.25,1.25,230,0,126,63,156.2,0.0,0.0,True
206081,C,1.0,1.0,286,0,158,63,157.0,0.0,0.0,True
206441,B,2.5,2.0,109,0,60,48,118.0,-0.5,0.0,True
209187,C,2.0,1.7,214,0,117,80,197.2,-0.299,0.0,True
209973,B,3.2,1.6,182,0,100,65,158.4,-1.6,0.0,True
212059,B,2.5,1.25,255,0,140,70,173.7,-1.25,0.0,True
212729,B,2.5,1.25,240,0,132,67,163.8,-1.25,0.0,True
216569,B,2.5,2.0,151,0,83,67,164.0,-0.5,0.0,True
216739,B,2.5,2.0,171,0,94,75,186.0,-0.5,0.0,True
218103,B,2.5,2.0,137,0,75,60,148.0,-0.5,0.0,True
218360,A,2.5,2.5,133,0,74,74,182.5,0.0,0.0,True
116181,B,2.5,2.0,142,0,78,63,154.0,-0.5,0.0,True
210480,B,2.5,1.25,240,0,132,66,163.8,-1.25,0.0,True
209411,C,2.0,1.8,159,0,88,63,156.6,-0.2,0.0,True
108191,C,2.0,2.0,182,0,100,80,198.0,0.0,0.0,True
112936,A,2.5,2.5,130,0,71,71,175.0,0.0,0.0,True
218313,B,2.5,2.0,151,0,83,67,164.0,-0.5,0.0,True
110452,A,2.5,2.5,131,0,72,72,177.5,0.0,0.0,True
208780,C,1.0,1.0,327,0,179,72,178.0,0.0,0.0,True
107044,C,2.0,2.0,161,0,88,70,174.0,0.0,0.0,True
129654,B,3.2,2.0,168,0,92,74,182.0,-1.2,0.0,True
132430,B,2.5,2.0,137,0,75,60,148.0,-0.5,0.0,True
121562,A,2.5,2.5,119,0,66,66,162.5,0.0,0.0,True
134385,A,2.5,2.5,115,0,63,63,155.0,0.0,0.0,True
109725,C,2.0,2.0,182,0,100,80,198.0,0.0,0.0,True
124568,C,2.0,2.0,180,0,99,79,196.0,0.0,0.0,True
115363,B,2.5,2.0,138,0,76,61,150.0,-0.5,0.0,True
110094,A,2.5,2.5,113,0,63,63,155.0,0.0,0.0,True
115787,C,2.0,2.0,144,0,79,63,156.0,0.0,0.0,True
103367,B,3.2,2.0,119,0,66,53,130.0,-1.2,0.0,True
130419,B,2.5,2.0,146,0,81,65,160.0,-0.5,0.0,True
107868,A,2.5,2.5,117,0,64,64,157.5,0.0,0.0,True
111803,C,2.0,2.0,160,0,88,70,174.0,0.0,0.0,True
100730,C,2.0,2.0,151,0,83,66,164.0,0.0,0.0,True
113559,C,2.0,2.0,164,0,90,72,178.0,0.0,0.0,True
118365,C,2.0,2.0,183,0,101,81,200.0,0.0,0.0,True
125179,C,2.0,2.0,154,0,84,67,166.0,0.0,0.0,True
125009,C,2.0,2.0,146,0,81,65,160.0,0.0,0.0,True
207168,A,2.5,2.5,118,0,65,65,160.0,0.0,0.0,True
112031,C,2.0,2.0,157,0,86,69,170.0,0.0,0.0,True
120482,A,2.5,2.5,123,0,68,68,167.5,0.0,0.0,True
203484,C,1.25,1.25,256,0,141,70,175.0,0.0,0.0,True
208410,B,2.5,2.0,165,0,91,73,180.0,-0.5,0.0,True
200507,C,2.0,2.0,144,0,79,63,156.0,0.0,0.0,True
200887,C,2.0,1.8,195,0,107,77,190.8,-0.2,0.0,True
214655,B,2.5,2.0,159,0,88,71,174.0,-0.5,0.0,True
101748,C,2.0,2.0,139,0,77,62,152.0,0.0,0.0,True
117547,C,2.0,1.8,180,0,99,71,176.4,-0.2,0.0,True
217712,C,1.3,1.3,224,0,123,64,158.6,0.0,0.0,True
104818,A,2.5,2.5,140,0,77,77,190.0,0.0,0.0,True
131271,A,2.5,2.5,136,0,75,75,185.0,0.0,0.0,True
208306,C,1.3,1.3,220,0,121,63,156.0,0.0,0.0,True
200862,C,2.0,1.8,156,0,86,62,153.0,-0.2,0.0,True
131268,A,2.5,2.5,128,0,70,70,172.5,0.0,0.0,True
123427,C,2.0,2.0,171,0,94,75,186.0,0.0,0.0,True
214753,C,1.0,1.0,331,0,182,73,181.0,0.0,0.0,True
114177,C,2.0,2.0,188,0,103,82,204.0,0.0,0.0,True
100352,A,2.5,2.5,133,0,74,74,182.5,0.0,0.0,True
100954,C,2.0,2.0,160,0,88,70,174.0,0.0,0.0,True
212637,C,1.25,1.25,216,0,119,60,147.5,0.0,0.0,True
127983,B,3.2,2.0,173,0,96,77,190.0,-1.2,0.0,True
216332,B,2.5,2.0,166,0,92,74,182.0,-0.5,0.0,True
207511,B,2.5,2.0,169,0,93,75,184.0,-0.5,0.0,True
117950,A,2.5,2.5,121,0,66,66,162.5,0.0,0.0,True
203025,B,2.5,1.25,257,0,141,71,175.0,-1.25,0.0,True
116804,C,2.0,2.0,156,0,86,69,170.0,0.0,0.0,True
130268,A,2.5,2.5,112,0,62,62,152.5,0.0,0.0,True
209920,C,2.0,1.8,165,0,91,66,162.0,-0.2,0.0,True
106065,C,2.0,2.0,158,0,87,70,172.0,0.0,0.0,True
209249,C,2.0,1.8,182,0,100,72,178.2,-0.2,0.0,True
106318,C,2.0,2.0,162,0,89,71,176.0,0.0,0.0,True
103093,C,2.0,1.8,183,0,101,73,180.0,-0.2,0.0,True
113576,A,2.5,2.5,121,0,66,66,162.5,0.0,0.0,True
125808,A,2.5,2.5,115,0,63,63,155.0,0.0,0.0,True
100099,B,3.2,2.0,167,0,91,73,180.0,-1.2,0.0,True
112633,A,2.5,2.5,154,0,84,84,207.5,0.0,0.0,True
201310,B,2.5,1.25,235,0,129,65,160.0,-1.25,0.0,True
203125,B,2.5,2.0,176,0,97,78,192.0,-0.5,0.0,True
130133,B,3.2,2.0,155,0,85,68,168.0,-1.2,0.0,True
108732,C,2.0,2.0,161,0,88,70,174.0,0.0,0.0,True
100858,C,2.0,2.0,162,0,89,71,176.0,0.0,0.0,True
119485,B,2.5,2.0,139,0,77,62,152.0,-0.5,0.0,True
111275,A,2.5,2.5,119,0,66,66,162.5,0.0,0.0,True
115259,A,2.5,2.5,135,0,74,74,182.5,0.0,0.0,True
114097,C,2.0,2.0,170,0,93,74,184.0,0.0,0.0,True
115992,C,2.0,2.0,168,0,92,74,182.0,0.0,0.0,True
