PID,series_uid,status
101867,1.2.840.113654.2.55.164413637944120699987772320958126199028,OK
101885,1.2.840.113654.2.55.120380035383894019659409677148313605895,OK
104092,1.2.840.113654.2.55.129609107932168827043132041758702381433,OK
105926,1.2.840.113654.2.55.15421146557287688349208596086732998635,OK
108985,1.2.840.113654.2.55.27532108266930295733585490639912348731,OK
110849,1.2.840.113654.2.55.58902618525666276667193321422882611093,OK
116034,1.2.840.113654.2.55.210241108209557664153792726537259006345,OK
120280,1.2.840.113654.2.55.146949333675202283146441821534782027120,OK
122575,1.2.840.113654.2.55.167129659849283513000722388170262564235,OK
127110,1.2.840.113654.2.55.275771604868147776332809742682936361345,OK
127183,1.2.840.113654.2.55.102120220302979235118788511271496637659,OK
129073,1.2.840.113654.2.55.321747276714524284768721817501749866464,OK
204460,1.3.6.1.4.1.14519.5.2.1.7009.9004.423427550707040925915779722288,OK
205397,1.3.6.1.4.1.14519.5.2.1.7009.9004.118843577717685324466289155194,OK
206021,1.3.6.1.4.1.14519.5.2.1.7009.9004.142676381384256083455550823298,OK
206081,1.3.6.1.4.1.14519.5.2.1.7009.9004.192360909611716524338094505792,OK
206441,1.3.6.1.4.1.14519.5.2.1.7009.9004.208279087659309273925486212026,OK
209187,1.3.6.1.4.1.14519.5.2.1.7009.9004.198138300255254735521354220333,OK
209973,1.3.6.1.4.1.14519.5.2.1.7009.9004.164794137832328131418200267424,OK
212059,1.3.6.1.4.1.14519.5.2.1.7009.9004.243639316649798846677232162194,OK
212729,1.3.6.1.4.1.14519.5.2.1.7009.9004.337361858734054719412911040272,OK
216569,1.3.6.1.4.1.14519.5.2.1.7009.9004.165201852177841991541097237241,OK
216739,1.3.6.1.4.1.14519.5.2.1.7009.9004.960341744818928787262416303965,OK
218103,1.3.6.1.4.1.14519.5.2.1.7009.9004.220787706888632820589209900783,OK
218360,1.3.6.1.4.1.14519.5.2.1.7009.9004.185757716814597496668415764002,OK
116181,1.2.840.113654.2.55.183437115107085898603154309213911184425,OK
210480,1.3.6.1.4.1.14519.5.2.1.7009.9004.139047143204472932865545922666,OK
209411,1.3.6.1.4.1.14519.5.2.1.7009.9004.227585291703712821585555027500,OK
108191,1.2.840.113654.2.55.271853800405461287072042662330627391176,OK
112936,1.2.840.113654.2.55.98073143220621095701180966993253135233,OK
218313,1.3.6.1.4.1.14519.5.2.1.7009.9004.180830846157371532217676358704,OK
110452,1.2.840.113654.2.55.270173020342633105537606666319974841972,OK
208780,1.3.6.1.4.1.14519.5.2.1.7009.9004.930338224076301140337910133143,OK
107044,1.2.840.113654.2.55.317456521731891583226735133376662052594,OK
129654,1.2.840.113654.2.55.12350049548661618107736339512444568061,OK
132430,1.2.840.113654.2.55.72897692652604899091943641888231910923,OK
121562,1.2.840.113654.2.55.151196243060103051134490211250050194518,OK
134385,1.2.840.113654.2.55.89483267248782681535402638401775431577,OK
109725,1.2.840.113654.2.55.114677517753689661445445731387398320906,OK
124568,1.2.840.113654.2.55.97995583964001280857672477129179562838,OK
115363,1.2.840.113654.2.55.182186337027083735530471493946270084185,OK
110094,1.2.840.113654.2.55.73616956184345958849597942411720566640,OK
115787,1.2.840.113654.2.55.140993000873063859321752469046711949096,OK
103367,1.2.840.113654.2.55.106398544051898667593179689330531774418,OK
130419,1.2.840.113654.2.55.185906080842001130937538205865713582753,OK
107868,1.2.840.113654.2.55.236061795123556991969078474025677526914,OK
111803,1.2.840.113654.2.55.244503465239029337877778023772390049317,OK
100730,1.2.840.113654.2.55.130965560616567130925094778500082906273,OK
113559,1.2.840.113654.2.55.123066479598855039395618481939291938332,OK
118365,1.2.840.113654.2.55.16580953593448558973515942532593672260,OK
125179,1.2.840.113654.2.55.282858358930605662070063845075002336935,OK
125009,1.2.840.113654.2.55.35067177590796968621805806079662536111,OK
207168,1.3.6.1.4.1.14519.5.2.1.7009.9004.314531516122141711172937694941,OK
112031,1.2.840.113654.2.55.52367587815146320219429442982980212642,OK
120482,1.2.840.113654.2.55.33692752758140065568586303162437873734,OK
203484,1.3.6.1.4.1.14519.5.2.1.7009.9004.288938123371961213686002740629,OK
208410,1.3.6.1.4.1.14519.5.2.1.7009.9004.251188239738857666761822036368,OK
200507,1.3.6.1.4.1.14519.5.2.1.7009.9004.324205969841788811950546013901,OK
200887,1.3.6.1.4.1.14519.5.2.1.7009.9004.320345137816769283351668714528,OK
214655,1.3.6.1.4.1.14519.5.2.1.7009.9004.290486998350826054464849383341,OK
101748,1.2.840.113654.2.55.145701630658476705265073044269105916164,OK
117547,1.2.840.113654.2.55.128635261228978538050205621404727721100,OK
217712,1.3.6.1.4.1.14519.5.2.1.7009.9004.146986915568021934183554104511,OK
104818,1.2.840.113654.2.55.296292691097314833223458392945296868137,OK
131271,1.2.840.113654.2.55.120437434872785501090362067425361454515,OK
208306,1.3.6.1.4.1.14519.5.2.1.7009.9004.267793732821282494929800647764,OK
200862,1.3.6.1.4.1.14519.5.2.1.7009.9004.215771659823725143499797492922,OK
131268,1.2.840.113654.2.55.298713054188662671227249939366718310015,OK
123427,1.2.840.113654.2.55.204101307844845941433090124891402779934,OK
214753,1.3.6.1.4.1.14519.5.2.1.7009.9004.169443718580683440646466350649,OK
114177,1.2.840.113654.2.55.134029877374273944981268300626119776044,OK
100352,1.2.840.113654.2.55.185515132724176068339337074273142968740,OK
100954,1.2.840.113654.2.55.62533278088124927801007016244677857799,OK
212637,1.3.6.1.4.1.14519.5.2.1.7009.9004.108027416767146769615410555006,OK
127983,1.2.840.113654.2.55.242024810862972801287958776400121989782,OK
216332,1.3.6.1.4.1.14519.5.2.1.7009.9004.516482508589792779270313409264,OK
207511,1.3.6.1.4.1.14519.5.2.1.7009.9004.262250335381611218706835692605,OK
117950,1.2.840.113654.2.55.92057205596545509959560338217516982371,OK
203025,1.3.6.1.4.1.14519.5.2.1.7009.9004.219331761299106836185714389770,OK
116804,1.2.840.113654.2.55.333289790054928693613357259775313594508,OK
130268,1.2.840.113654.2.55.250931690722219576463093407206490104315,OK
209920,1.3.6.1.4.1.14519.5.2.1.7009.9004.204436841398696779132810289829,OK
106065,1.2.840.113654.2.55.51551879517240465673752592067590012244,OK
209249,1.3.6.1.4.1.14519.5.2.1.7009.9004.142728304851188680444114662291,OK
106318,1.2.840.113654.2.55.316928545001957279104199541157362930451,OK
103093,1.2.840.113654.2.55.249209219418232275007930423781131238194,OK
113576,1.2.840.113654.2.55.265384899114023969533137962781554600462,OK
125808,1.2.840.113654.2.55.303838789858997255275774451992769480099,OK
100099,1.2.840.113654.2.55.222916224267082366585837577089916145989,OK
112633,1.2.840.113654.2.55.35724584901583964218601492482096327798,OK
201310,1.3.6.1.4.1.14519.5.2.1.7009.9004.858760824542452272790557101017,OK
203125,1.3.6.1.4.1.14519.5.2.1.7009.9004.240324207329350237274075536816,OK
130133,1.2.840.113654.2.55.94289575566045680475319303619164569542,OK
108732,1.2.840.113654.2.55.53420461472876278948776395019996179499,OK
100858,1.2.840.113654.2.55.44852911444807598398508320675112417229,OK
119485,1.2.840.113654.2.55.207046654123452800283756991756938518768,OK
111275,1.2.840.113654.2.55.297880661916083048092429571170857827275,OK
115259,1.2.840.113654.2.55.106934910890192727105588672433234269518,OK
114097,1.2.840.113654.2.55.86274744506689522036895664360563522369,OK
115992,1.2.840.113654.2.55.203857642343517421230543332563785304985,OK
