PID,stratum,reliability
101867,0,True
101885,0,False
104092,0,False
105926,0,False
108985,0,False
110849,0,False
116034,0,True
120280,0,False
122575,0,False
127110,0,False
127183,0,False
129073,0,False
204460,0,True
205397,0,False
206021,0,False
206081,0,False
206441,0,False
209187,0,False
209973,0,True
212059,0,False
212729,0,False
216569,0,False
216739,0,False
218103,0,False
218360,0,True
116181,1-100,True
210480,1-100,False
209411,1-100,False
108191,1-100,False
112936,1-100,False
218313,1-100,False
110452,1-100,True
208780,1-100,False
107044,1-100,False
129654,1-100,False
132430,1-100,False
121562,1-100,False
134385,1-100,True
109725,1-100,False
124568,1-100,False
115363,1-100,False
110094,1-100,False
115787,1-100,False
103367,1-100,True
130419,1-100,False
107868,1-100,False
111803,1-100,False
100730,1-100,False
113559,1-100,False
118365,1-100,True
125179,101-300,True
125009,101-300,False
207168,101-300,False
112031,101-300,False
120482,101-300,False
203484,101-300,False
208410,101-300,True
200507,101-300,False
200887,101-300,False
214655,101-300,False
101748,101-300,False
117547,101-300,False
217712,101-300,True
104818,101-300,False
131271,101-300,False
208306,101-300,False
200862,101-300,False
131268,101-300,False
123427,101-300,True
214753,101-300,False
114177,101-300,False
100352,101-300,False
100954,101-300,False
212637,101-300,False
127983,101-300,True
216332,>300,True
207511,>300,False
117950,>300,False
203025,>300,False
116804,>300,False
130268,>300,False
209920,>300,True
106065,>300,False
209249,>300,False
106318,>300,False
103093,>300,False
113576,>300,False
125808,>300,True
100099,>300,False
112633,>300,False
201310,>300,False
203125,>300,False
130133,>300,False
108732,>300,True
100858,>300,False
119485,>300,False
111275,>300,False
115259,>300,False
114097,>300,False
115992,>300,True
