PID,stratum,series_uid,thick_mm,kernel,n_instances,size_MB,reliability
101867,0,1.2.840.113654.2.55.164413637944120699987772320958126199028,2.0,B30f,147,77.4,True
101885,0,1.2.840.113654.2.55.120380035383894019659409677148313605895,2.0,B30f,169,89.0,False
104092,0,1.2.840.113654.2.55.129609107932168827043132041758702381433,2.5,STANDARD,114,60.0,False
105926,0,1.2.840.113654.2.55.15421146557287688349208596086732998635,2.0,B30f,162,85.3,False
108985,0,1.2.840.113654.2.55.27532108266930295733585490639912348731,2.5,STANDARD,131,69.0,False
110849,0,1.2.840.113654.2.55.58902618525666276667193321422882611093,2.5,STANDARD,160,84.3,False
116034,0,1.2.840.113654.2.55.210241108209557664153792726537259006345,2.5,STANDARD,117,61.6,True
120280,0,1.2.840.113654.2.55.146949333675202283146441821534782027120,2.5,STANDARD,132,69.5,False
122575,0,1.2.840.113654.2.55.167129659849283513000722388170262564235,3.2,B,80,42.1,False
127110,0,1.2.840.113654.2.55.275771604868147776332809742682936361345,2.5,STANDARD,102,53.7,False
127183,0,1.2.840.113654.2.55.102120220302979235118788511271496637659,2.5,STANDARD,104,54.8,False
129073,0,1.2.840.113654.2.55.321747276714524284768721817501749866464,2.5,STANDARD,127,66.9,False
204460,0,1.3.6.1.4.1.14519.5.2.1.7009.9004.423427550707040925915779722288,2.5,STANDARD,204,107.5,True
205397,0,1.3.6.1.4.1.14519.5.2.1.7009.9004.118843577717685324466289155194,2.0,B30f,202,106.5,False
206021,0,1.3.6.1.4.1.14519.5.2.1.7009.9004.142676381384256083455550823298,1.2,STANDARD,230,121.2,False
206081,0,1.3.6.1.4.1.14519.5.2.1.7009.9004.192360909611716524338094505792,1.0,B30f,286,150.6,False
206441,0,1.3.6.1.4.1.14519.5.2.1.7009.9004.208279087659309273925486212026,2.5,STANDARD,109,57.4,False
209187,0,1.3.6.1.4.1.14519.5.2.1.7009.9004.198138300255254735521354220333,2.0,FC51,214,112.7,False
209973,0,1.3.6.1.4.1.14519.5.2.1.7009.9004.164794137832328131418200267424,3.2,C,182,95.9,True
212059,0,1.3.6.1.4.1.14519.5.2.1.7009.9004.243639316649798846677232162194,2.5,STANDARD,255,134.4,False
212729,0,1.3.6.1.4.1.14519.5.2.1.7009.9004.337361858734054719412911040272,2.5,STANDARD,240,126.5,False
216569,0,1.3.6.1.4.1.14519.5.2.1.7009.9004.165201852177841991541097237241,2.5,STANDARD,151,79.6,False
216739,0,1.3.6.1.4.1.14519.5.2.1.7009.9004.960341744818928787262416303965,2.5,STANDARD,171,90.1,False
218103,0,1.3.6.1.4.1.14519.5.2.1.7009.9004.220787706888632820589209900783,2.5,STANDARD,137,72.2,False
218360,0,1.3.6.1.4.1.14519.5.2.1.7009.9004.185757716814597496668415764002,2.5,STANDARD,133,70.1,True
116181,1-100,1.2.840.113654.2.55.183437115107085898603154309213911184425,2.5,STANDARD,142,74.8,True
210480,1-100,1.3.6.1.4.1.14519.5.2.1.7009.9004.139047143204472932865545922666,2.5,STANDARD,240,126.5,False
209411,1-100,1.3.6.1.4.1.14519.5.2.1.7009.9004.227585291703712821585555027500,2.0,B30f,159,83.7,False
108191,1-100,1.2.840.113654.2.55.271853800405461287072042662330627391176,2.0,B30f,182,95.8,False
112936,1-100,1.2.840.113654.2.55.98073143220621095701180966993253135233,2.5,STANDARD,130,68.5,False
218313,1-100,1.3.6.1.4.1.14519.5.2.1.7009.9004.180830846157371532217676358704,2.5,STANDARD,151,79.6,False
110452,1-100,1.2.840.113654.2.55.270173020342633105537606666319974841972,2.5,STANDARD,131,69.0,True
208780,1-100,1.3.6.1.4.1.14519.5.2.1.7009.9004.930338224076301140337910133143,1.0,B30f,327,172.2,False
107044,1-100,1.2.840.113654.2.55.317456521731891583226735133376662052594,2.0,B50f,161,84.8,False
129654,1-100,1.2.840.113654.2.55.12350049548661618107736339512444568061,3.2,D,168,88.4,False
132430,1-100,1.2.840.113654.2.55.72897692652604899091943641888231910923,2.5,STANDARD,137,72.2,False
121562,1-100,1.2.840.113654.2.55.151196243060103051134490211250050194518,2.5,STANDARD,119,62.7,False
134385,1-100,1.2.840.113654.2.55.89483267248782681535402638401775431577,2.5,STANDARD,115,60.6,True
109725,1-100,1.2.840.113654.2.55.114677517753689661445445731387398320906,2.0,B30f,182,95.8,False
124568,1-100,1.2.840.113654.2.55.97995583964001280857672477129179562838,2.0,B30f,180,94.8,False
115363,1-100,1.2.840.113654.2.55.182186337027083735530471493946270084185,2.5,STANDARD,138,72.7,False
110094,1-100,1.2.840.113654.2.55.73616956184345958849597942411720566640,2.5,STANDARD,113,59.5,False
115787,1-100,1.2.840.113654.2.55.140993000873063859321752469046711949096,2.0,FC51,144,75.8,False
103367,1-100,1.2.840.113654.2.55.106398544051898667593179689330531774418,3.2,C,119,62.6,True
130419,1-100,1.2.840.113654.2.55.185906080842001130937538205865713582753,2.5,STANDARD,146,76.9,False
107868,1-100,1.2.840.113654.2.55.236061795123556991969078474025677526914,2.5,STANDARD,117,61.6,False
111803,1-100,1.2.840.113654.2.55.244503465239029337877778023772390049317,2.0,B50f,160,84.2,False
100730,1-100,1.2.840.113654.2.55.130965560616567130925094778500082906273,2.0,B30f,151,79.5,False
113559,1-100,1.2.840.113654.2.55.123066479598855039395618481939291938332,2.0,B30f,164,86.4,False
118365,1-100,1.2.840.113654.2.55.16580953593448558973515942532593672260,2.0,B30f,183,96.4,True
125179,101-300,1.2.840.113654.2.55.282858358930605662070063845075002336935,2.0,B30f,154,81.1,True
125009,101-300,1.2.840.113654.2.55.35067177590796968621805806079662536111,2.0,B30f,146,76.9,False
207168,101-300,1.3.6.1.4.1.14519.5.2.1.7009.9004.314531516122141711172937694941,2.5,STANDARD,118,62.2,False
112031,101-300,1.2.840.113654.2.55.52367587815146320219429442982980212642,2.0,B50f,157,82.7,False
120482,101-300,1.2.840.113654.2.55.33692752758140065568586303162437873734,2.5,STANDARD,123,64.8,False
203484,101-300,1.3.6.1.4.1.14519.5.2.1.7009.9004.288938123371961213686002740629,1.2,STANDARD,256,134.9,False
208410,101-300,1.3.6.1.4.1.14519.5.2.1.7009.9004.251188239738857666761822036368,2.5,STANDARD,165,87.0,True
200507,101-300,1.3.6.1.4.1.14519.5.2.1.7009.9004.324205969841788811950546013901,2.0,C,144,75.8,False
200887,101-300,1.3.6.1.4.1.14519.5.2.1.7009.9004.320345137816769283351668714528,2.0,B30f,195,102.7,False
214655,101-300,1.3.6.1.4.1.14519.5.2.1.7009.9004.290486998350826054464849383341,2.5,STANDARD,159,83.8,False
101748,101-300,1.2.840.113654.2.55.145701630658476705265073044269105916164,2.0,B30f,139,73.2,False
117547,101-300,1.2.840.113654.2.55.128635261228978538050205621404727721100,2.0,B30f,180,94.8,False
217712,101-300,1.3.6.1.4.1.14519.5.2.1.7009.9004.146986915568021934183554104511,1.3,C,224,117.9,True
104818,101-300,1.2.840.113654.2.55.296292691097314833223458392945296868137,2.5,STANDARD,140,73.7,False
131271,101-300,1.2.840.113654.2.55.120437434872785501090362067425361454515,2.5,STANDARD,136,71.6,False
208306,101-300,1.3.6.1.4.1.14519.5.2.1.7009.9004.267793732821282494929800647764,1.3,C,220,115.8,False
200862,101-300,1.3.6.1.4.1.14519.5.2.1.7009.9004.215771659823725143499797492922,2.0,C,156,82.1,False
131268,101-300,1.2.840.113654.2.55.298713054188662671227249939366718310015,2.5,STANDARD,128,67.4,False
123427,101-300,1.2.840.113654.2.55.204101307844845941433090124891402779934,2.0,B30f,171,90.0,True
214753,101-300,1.3.6.1.4.1.14519.5.2.1.7009.9004.169443718580683440646466350649,1.0,B30f,331,174.3,False
114177,101-300,1.2.840.113654.2.55.134029877374273944981268300626119776044,2.0,B30f,188,99.0,False
100352,101-300,1.2.840.113654.2.55.185515132724176068339337074273142968740,2.5,STANDARD,133,70.0,False
100954,101-300,1.2.840.113654.2.55.62533278088124927801007016244677857799,2.0,B30f,160,84.2,False
212637,101-300,1.3.6.1.4.1.14519.5.2.1.7009.9004.108027416767146769615410555006,1.2,STANDARD,216,113.8,False
127983,101-300,1.2.840.113654.2.55.242024810862972801287958776400121989782,3.2,C,173,91.1,True
216332,>300,1.3.6.1.4.1.14519.5.2.1.7009.9004.516482508589792779270313409264,2.5,STANDARD,166,87.5,True
207511,>300,1.3.6.1.4.1.14519.5.2.1.7009.9004.262250335381611218706835692605,2.5,STANDARD,169,89.1,False
117950,>300,1.2.840.113654.2.55.92057205596545509959560338217516982371,2.5,STANDARD,121,63.7,False
203025,>300,1.3.6.1.4.1.14519.5.2.1.7009.9004.219331761299106836185714389770,2.5,STANDARD,257,135.4,False
116804,>300,1.2.840.113654.2.55.333289790054928693613357259775313594508,2.0,B30f,156,82.1,False
130268,>300,1.2.840.113654.2.55.250931690722219576463093407206490104315,2.5,STANDARD,112,59.0,False
209920,>300,1.3.6.1.4.1.14519.5.2.1.7009.9004.204436841398696779132810289829,2.0,B30f,165,86.9,True
106065,>300,1.2.840.113654.2.55.51551879517240465673752592067590012244,2.0,B50f,158,83.2,False
209249,>300,1.3.6.1.4.1.14519.5.2.1.7009.9004.142728304851188680444114662291,2.0,C,182,95.8,False
106318,>300,1.2.840.113654.2.55.316928545001957279104199541157362930451,2.0,B30f,162,85.3,False
103093,>300,1.2.840.113654.2.55.249209219418232275007930423781131238194,2.0,B30f,183,96.4,False
113576,>300,1.2.840.113654.2.55.265384899114023969533137962781554600462,2.5,STANDARD,121,63.7,False
125808,>300,1.2.840.113654.2.55.303838789858997255275774451992769480099,2.5,STANDARD,115,60.6,True
100099,>300,1.2.840.113654.2.55.222916224267082366585837577089916145989,3.2,D,167,87.9,False
112633,>300,1.2.840.113654.2.55.35724584901583964218601492482096327798,2.5,STANDARD,154,81.1,False
201310,>300,1.3.6.1.4.1.14519.5.2.1.7009.9004.858760824542452272790557101017,2.5,STANDARD,235,123.8,False
203125,>300,1.3.6.1.4.1.14519.5.2.1.7009.9004.240324207329350237274075536816,2.5,STANDARD,176,92.8,False
130133,>300,1.2.840.113654.2.55.94289575566045680475319303619164569542,3.2,C,155,81.6,False
108732,>300,1.2.840.113654.2.55.53420461472876278948776395019996179499,2.0,B30f,161,84.8,True
100858,>300,1.2.840.113654.2.55.44852911444807598398508320675112417229,2.0,B30f,162,85.3,False
119485,>300,1.2.840.113654.2.55.207046654123452800283756991756938518768,2.5,STANDARD,139,73.2,False
111275,>300,1.2.840.113654.2.55.297880661916083048092429571170857827275,2.5,STANDARD,119,62.7,False
115259,>300,1.2.840.113654.2.55.106934910890192727105588672433234269518,2.5,STANDARD,135,71.1,False
114097,>300,1.2.840.113654.2.55.86274744506689522036895664360563522369,2.0,B30f,170,89.5,False
115992,>300,1.2.840.113654.2.55.203857642343517421230543332563785304985,2.0,B30f,168,88.5,True
